variable,mean,scaling_value
budburst,163.72026682682642,7
snowmelt,144.21289207868156,7
ice.melt,200.85714285714286,7
temp,6.461764705882353,5
