variable,mean,scaling_value
budburst,163.72026682682642,7
snowmelt,144.21289207868156,7
icemelt,200.85714285714286,7
regiontemp,-14.644117647058824,5
breedingtemp,-7.078122619271688,5
